Dataset,h2d,validation,tokenization,parsing,d2h
TT,64.6813,6.49494,36.3462,15.6675,174.297
BB,80.0945,25.1176,45.1661,19.2133,269.93
GMD,87.0637,8.30177,46.7858,23.9718,201.37
NSPL,92.6946,28.6754,50.5668,13.328,260.02
WM,76.2445,7.39284,34.234,3.12979,53.8466
WP,84.1945,8.04217,56.9648,57.362,394.335
