Threads,2MB,4MB,8MB,16MB,32MB,64MB,128MB,256MB
1,9.14282,10.5285,17.559,25.8686,46.4294,80.0936,119.787,228.624
2,2.85678,5.06238,7.85424,16.1287,30.708,47.7744,79.6616,143.279
4,2.34652,3.94904,7.54198,11.3036,24.1504,41.8134,66.8778,127.908
8,2.94342,4.10754,6.31474,9.45294,19.4703,37.9744,67.5398,119.109
16,3.90568,5.3847,7.63554,11.4148,22.7182,39.8092,70.4924,132.701
32,5.5827,7.11298,11.139,14.1546,25.3082,42.5438,72.2684,120.401
64,7.74008,9.65344,12.9193,18.198,28.749,50.1888,82.3886,139.103
Min,2.34652,3.94904,6.31474,9.45294,19.4703,37.9744,66.8778,119.109
