Threads,2MB,4MB,8MB,16MB,32MB,64MB,128MB,256MB
1,9.02826,24.002,22.4484,28.0432,45.3212,84.5926,148.662,266.312
2,2.55896,4.48652,7.22258,13.3621,30.2756,51.3182,92.8634,174.665
4,3.07774,3.39884,6.42446,11.1039,24.8802,44.8698,76.7366,140.366
8,3.19328,4.53826,6.28406,10.8336,23.176,40.5916,80.2874,138.409
16,4.27324,5.63842,8.21962,11.5821,23.8038,39.2658,72.9046,144.878
32,5.82394,7.51748,10.9674,15.2456,28.5692,44.3364,75.223,134.989
64,8.42296,9.90508,13.2318,20.3148,34.2214,50.5782,85.219,144.936
Min,2.55896,3.39884,6.28406,10.8336,23.176,39.2658,72.9046,134.989
