Threads,2MB,4MB,8MB,16MB,32MB,64MB,128MB,256MB
1,8.77938,11.4677,13.3282,23.8398,42.5232,70.996,106.935,185.196
2,2.84208,4.38366,7.48642,15.1511,27.1754,49.4198,89.2918,171.388
4,2.63398,3.89214,7.43336,15.0733,27.7662,50.6394,87.3116,166.888
8,2.82828,10.6463,7.81398,16.7511,39.812,50.4746,86.728,166.951
16,9.9419,4.28106,14.9889,15.6742,28.148,48.8216,91.0882,175.557
32,2.87346,4.35418,7.65746,14.54,39.1342,68.9172,87.765,182.725
64,10.6167,4.32526,30.069,14.7581,44.1908,67.5946,94.1178,184.604
Min,2.63398,3.89214,7.43336,14.54,27.1754,48.8216,86.728,166.888
