Threads,2MB,4MB,8MB,16MB,32MB,64MB,128MB,256MB
1,18.7825,17.5752,25.813,41.1926,51.9344,80.743,163.862,304.226
2,4.85698,8.13136,14.7047,27.6328,34.1324,61.7116,105.323,184.297
4,3.64674,6.96832,11.84,19.694,29.8016,54.6142,86.9142,152.117
8,4.27656,6.33074,11.335,20.6332,25.5988,47.2908,88.3026,149.864
16,6.93572,7.9114,11.4291,21.5794,24.1096,47.7866,79.7738,157.717
32,9.66304,10.4497,15.1233,20.5728,25.686,49.1978,80.9822,188.735
64,13.0859,15.6061,20.0494,30.2776,38.4384,67.096,99.1786,173.371
Min,3.64674,6.33074,11.335,19.694,24.1096,47.2908,79.7738,149.864
