Threads,2MB,4MB,8MB,16MB,32MB,64MB,128MB,256MB
1,30.9662,14.8679,14.454,28.4238,64.2428,61.2624,110.205,186.933
2,7.1529,20.2398,11.0632,14.0428,21.6764,42.537,82.7574,159.182
4,13.5132,13.4861,12.4191,19.0529,19.3472,44.7264,82.9796,126.251
8,7.24542,8.16328,6.69114,19.811,18.5785,35.2962,67.8778,108.324
16,4.6616,4.8781,7.9077,12.2858,24.6978,35.0792,63.3324,117.442
32,5.78254,6.26974,9.1759,13.8128,30.6096,38.7846,80.757,115.474
64,7.86348,8.91062,11.6741,16.6645,24.8332,45.5322,88.3216,124.316
Min,4.6616,4.8781,6.69114,12.2858,18.5785,35.0792,63.3324,108.324
