Threads,2MB,4MB,8MB,16MB,32MB,64MB,128MB,256MB
1,14.9505,21.1324,26.8374,49.3082,68.4342,114.554,277.41,367.082
2,6.4362,9.458,15.0255,34.4838,38.6264,69.7114,116.943,223.732
4,4.82606,7.8095,11.7965,22.6434,36.7092,63.311,106.914,172.051
8,5.34656,6.40982,11.7375,19.2863,32.6328,56.0236,97.0346,164.436
16,6.80596,8.0377,10.205,19.2832,30.398,48.676,82.6908,146.293
32,8.8849,10.4021,12.5194,16.3209,22.8206,47.8956,87.1356,151.784
64,23.8444,20.4554,31.1702,37.5218,38.8262,68.9016,98.475,163.158
Min,4.82606,6.40982,10.205,16.3209,22.8206,47.8956,82.6908,146.293
