SizeMB,AvgTime(ms)
2,3.8237
4,4.67352
8,6.70342
16,10.5123
32,19.9319
64,33.2744
128,64.3716
256,104.593
Min,3.8237
