SizeMB,AvgAcrossDatasets(ms)
2,3.96552
4,4.82897
8,6.94172
16,10.7664
32,17.0828
64,31.9755
128,56.703
256,109.688
