SizeMB,AvgTime(ms)
2,3.27114
4,4.02724
8,6.25146
16,9.69356
32,17.5093
64,32.41
128,61.5446
256,121.553
Min,3.27114
