SizeMB,AvgTime(ms)
2,4.06358
4,4.30256
8,5.69706
16,8.25328
32,16.2722
64,33.1016
128,62.2312
256,120.543
Min,4.06358
