SizeMB,AvgTime(ms)
2,4.29234
4,5.5133
8,8.41088
16,13.7219
32,17.7389
64,33.3466
128,46.5012
256,95.9922
Min,4.29234
