SizeMB,AvgTime(ms)
2,3.7106
4,4.88092
8,6.91068
16,10.998
32,13.4057
64,23.751
128,57.1928
256,117.176
Min,3.7106
