SizeMB,AvgTime(ms)
2,4.6317
4,5.57628
8,7.67672
16,11.4192
32,17.6387
64,35.9692
128,48.3758
256,98.2682
Min,4.6317
